bookingRef,flightCode,firstName,lastName,passengerClass,baggageWeight,baggageLength,baggageBreath,baggageHeight,checkedIn
EOR1ZO,DEF789,Jacobs,Joshua,business,37.5,20.2,13.8,18.1,True
7KT2MU,XYZ456,Wilson,Ikedi,business,10.4,19.6,11.8,13.3,True
G8W6QZ,XYZ456,Jacobs,King,economy,30.0,10.5,11.9,15.8,True
TGR87S,GHI012,Dal,Arthur,business,32.0,18.2,14.0,16.0,True
0ZRKKI,XYZ456,Abdulmalik,Ibrahim,business,27.0,22.3,15.3,13.8,False
LSE8ND,GHI012,Sandra,Ikedi,business,10.8,10.8,10.7,16.4,True
UPGDQ0,DEF789,Sandra,Cosomos,economy,23.1,14.7,17.8,14.3,False
YKPEDF,XYZ456,Sandra,Cosomos,business,33.1,14.6,19.8,10.9,True
IU0TQN,ABC123,John,Ibrahim,business,18.5,10.0,13.9,11.9,False
A6SXI3,GHI012,Elizabeth,Ibrahim,economy,36.2,15.6,13.7,17.2,True
U231G4,XYZ456,Wilson,Dagah,economy,23.4,25.0,12.1,19.6,False
4AUIX3,GHI012,John,King,economy,14.9,27.8,17.6,12.2,False
IZQYYB,ABC123,Favour,Ekong,business,21.8,16.8,13.4,16.3,False
ZDQS0T,DEF789,Dal,Joshua,business,32.3,24.4,14.6,11.1,True
TCENBM,GHI012,Wilson,Doe,business,38.1,22.5,18.7,18.4,False
LEWBIO,GHI012,Abdulmalik,Arthur,business,36.8,23.6,11.2,11.3,True
5XEMLH,ABC123,John,Doe,economy,11.0,23.4,15.6,16.5,True
DO20DX,ABC123,Abdulmalik,Cosomos,economy,11.0,11.5,11.4,18.5,True
Y9H0S8,ABC123,Etoro,Doe,business,12.4,13.8,19.8,14.3,True
HFATBX,DEF789,Dal,Harley,economy,18.8,19.8,18.0,12.8,True
G7EQNJ,DEF789,Etoro,Dagah,economy,12.1,19.9,10.4,12.1,False
08ODN4,GHI012,John,Ibrahim,economy,37.3,11.6,18.7,13.2,True
FLIPYH,ABC123,Jacobs,King,economy,18.6,25.6,17.3,17.0,True
IG2VVL,DEF789,Wilson,King,business,26.2,27.9,12.4,19.9,False
N7OL35,XYZ456,James,Ikedi,economy,30.3,11.5,13.8,17.9,True
HM0JKJ,GHI012,John,Arthur,economy,28.2,25.0,13.6,17.6,True
5CF68W,XYZ456,John,Doe,economy,18.1,13.1,10.3,13.1,False
4EUM3Q,DEF789,Favour,Doe,economy,10.2,14.8,19.7,12.1,False
9N1BDH,XYZ456,Abdulmalik,Arthur,business,16.2,22.0,14.3,16.5,False
1BUI1D,DEF789,Favour,Dagah,economy,35.0,20.0,18.7,15.8,True
Y5F0GS,XYZ456,Wilson,Cosomos,economy,27.9,14.3,11.5,19.9,False
OLUG1L,GHI012,Abdulmalik,Queen,business,12.4,20.6,15.7,10.1,True
W1GWYD,ABC123,Elizabeth,Ibrahim,economy,32.9,29.5,19.2,17.0,False
AVG816,DEF789,Sandra,Joshua,economy,30.1,25.6,17.2,18.4,True
JAPO4T,ABC123,John,Joshua,business,22.6,17.5,15.4,16.6,True
8E4SV3,GHI012,Etoro,Queen,economy,26.3,17.0,18.4,18.6,True
R181QJ,GHI012,Warinton,Arthur,economy,25.3,14.9,18.4,12.4,False
5B9BJ4,XYZ456,Dal,Cosomos,business,15.2,26.9,18.5,16.0,False
4WFNXB,DEF789,Jacobs,King,business,29.0,25.1,12.6,11.4,True
RW8YUV,XYZ456,Dal,Harley,economy,27.8,15.0,10.9,12.6,True
VTZ5B7,XYZ456,Abdulmalik,Ekong,business,38.1,19.3,17.6,14.2,False
V4E49Z,GHI012,Favour,Harley,economy,37.3,27.7,18.1,12.0,True
5XB8A4,DEF789,Jacobs,King,economy,26.0,26.4,16.4,19.2,False
3R31ON,ABC123,Wilson,Harley,business,20.1,16.8,18.0,15.6,False
12ITTR,DEF789,Wilson,Queen,business,31.6,20.0,15.7,19.2,False
D2KV2H,DEF789,Favour,Dagah,economy,25.8,24.2,14.2,16.5,False
DQH3LW,ABC123,John,Queen,business,33.1,12.7,13.1,16.2,True
FFSDKT,GHI012,Warinton,Dagah,business,36.1,11.1,15.8,14.4,True
BCPYGB,XYZ456,Abdulmalik,Ikedi,economy,40.0,11.3,14.9,15.0,False
W03SIN,GHI012,Warinton,King,economy,25.2,27.3,17.9,10.7,False
C4F320,GHI012,Favour,Harley,economy,11.1,21.0,19.6,14.6,True
7I56OK,DEF789,Etoro,Cosomos,business,32.0,19.0,13.2,18.1,False
KNK1PS,GHI012,James,Ibrahim,economy,17.8,27.6,17.2,15.9,True
UNTQI5,GHI012,Sandra,Arthur,business,32.1,23.7,12.1,11.8,False
DK26K7,ABC123,Etoro,Arthur,business,36.8,12.5,17.3,15.6,True
WB0F0D,DEF789,Sandra,Cosomos,economy,23.3,26.7,14.0,16.3,True
HBBYGN,ABC123,Abdulmalik,Queen,economy,19.8,13.7,13.4,14.8,False
4LDLY7,ABC123,Sandra,Ibrahim,business,23.5,23.6,10.7,12.8,True
IR496Z,DEF789,Wilson,Doe,business,27.3,23.2,17.8,14.6,False
1FPBGF,DEF789,Elizabeth,Ekong,economy,21.1,29.2,16.6,16.2,False
MPS92N,DEF789,Wilson,Doe,business,20.0,17.9,15.2,17.8,False
NQ2HUG,ABC123,Favour,Harley,business,23.3,26.1,10.3,17.2,False
NNADLC,ABC123,Sandra,Ibrahim,economy,26.7,13.5,19.3,17.9,False
W7LJC8,XYZ456,Etoro,Dagah,business,22.2,24.4,18.6,19.0,True
4OJCOO,GHI012,James,Dagah,business,10.0,21.9,15.0,13.9,True
J5PHYK,XYZ456,Warinton,Doe,economy,13.6,19.9,19.7,16.7,True
HPK6SZ,XYZ456,Elizabeth,Ikedi,business,29.3,20.5,19.1,19.6,True
BKY2YU,XYZ456,Elizabeth,Ikedi,economy,34.5,15.9,12.2,15.0,False
02CMUK,DEF789,Warinton,Arthur,business,16.4,16.0,17.1,19.0,False
KMNIUD,GHI012,Elizabeth,Ekong,economy,39.0,12.7,17.9,17.7,False
GGIXO7,XYZ456,John,Arthur,business,21.6,24.3,15.4,16.0,True
MCMW4T,DEF789,Etoro,Joshua,business,10.7,18.2,18.4,12.9,True
PBRVD8,ABC123,James,Ibrahim,business,35.3,23.1,15.5,13.3,False
GJI0P1,GHI012,Etoro,Queen,business,12.0,17.4,16.0,10.7,True
YHSUDN,DEF789,Jacobs,Harley,business,20.8,29.8,17.0,12.0,False
3KQ5M2,XYZ456,Dal,Dagah,economy,26.8,24.3,11.8,14.0,True
CGRB0O,DEF789,Jacobs,King,business,18.9,15.6,14.5,11.8,True
PKY4HQ,DEF789,John,Harley,business,33.0,21.4,18.8,16.7,False
SEKO3Y,ABC123,Favour,Ikedi,economy,26.9,20.5,14.8,10.1,True
ASW4U9,DEF789,Abdulmalik,Harley,economy,28.4,24.2,17.0,10.3,False
RJZ0G8,XYZ456,Abdulmalik,Ikedi,economy,19.4,14.3,11.2,15.5,False
LXV7RO,XYZ456,Etoro,Cosomos,business,23.6,12.5,11.0,16.5,False
LGNXCD,ABC123,James,Arthur,economy,32.7,13.5,13.1,13.6,False
B9EA1Z,ABC123,Wilson,Harley,economy,16.7,16.7,11.7,11.4,False
0Q7XK9,XYZ456,Sandra,Joshua,business,26.2,22.8,18.1,19.7,True
1FZZW6,XYZ456,John,Ekong,business,23.9,18.3,10.3,16.4,True
D23RO6,GHI012,Etoro,Queen,economy,17.1,21.6,10.3,16.7,True
8UV3FE,ABC123,Wilson,Dagah,business,25.7,17.8,18.7,17.0,False
9W2Y7J,DEF789,Favour,King,economy,39.3,29.6,11.5,12.2,True
XG0Q5A,XYZ456,James,Joshua,business,28.3,17.0,12.9,19.5,True
7WT704,XYZ456,Abdulmalik,Arthur,business,15.0,21.4,18.3,10.7,True
P489IX,DEF789,Wilson,Harley,business,19.3,13.2,10.3,13.6,False
B1PARI,DEF789,James,Cosomos,economy,28.3,15.3,15.8,17.5,True
T54Y2Z,ABC123,Jacobs,Dagah,economy,23.0,29.8,19.8,19.1,True
KKDMBP,GHI012,Abdulmalik,Cosomos,business,19.4,26.6,19.1,14.6,True
753LGL,XYZ456,James,Harley,economy,34.5,13.7,17.1,12.1,True
BOFLKY,XYZ456,Abdulmalik,King,business,16.1,24.5,10.1,11.1,True
KLIB0O,ABC123,Wilson,Doe,business,21.3,14.5,14.9,16.7,True
9Q8DIT,DEF789,James,Cosomos,economy,17.6,19.0,12.3,17.1,True
J0DF3A,DEF789,Abdulmalik,Queen,business,15.8,28.1,13.7,10.5,True
98MENE,DEF789,John,Dagah,business,11.4,13.7,15.6,14.1,True
O8KLSX,XYZ456,Jacobs,Ibrahim,business,32.0,10.4,10.7,13.2,True
TCXCGD,GHI012,James,King,business,27.6,27.3,16.4,10.3,True
LM09SQ,DEF789,Elizabeth,Dagah,economy,14.1,16.6,12.1,12.6,False
ASKIRS,XYZ456,Sandra,Ibrahim,business,17.4,16.1,16.3,10.2,False
OB505B,XYZ456,Etoro,Arthur,business,13.6,18.3,14.3,11.4,True
XG4L0G,XYZ456,John,King,business,12.7,27.5,11.5,15.9,False
WO7NBQ,GHI012,Sandra,Arthur,economy,16.6,28.8,10.3,17.6,False
C1ZWYZ,DEF789,Etoro,Ibrahim,economy,15.5,11.3,16.6,19.1,True
OJTNO7,ABC123,Sandra,Harley,economy,23.0,22.1,13.7,17.8,False
IUJAIH,DEF789,Dal,Queen,economy,37.3,13.4,19.1,13.2,True
NZ0NP2,DEF789,Elizabeth,Dagah,business,22.9,23.0,18.4,19.1,False
5D2OPH,ABC123,Wilson,King,business,37.4,29.5,19.7,15.3,False
7UR4BT,GHI012,Favour,Harley,economy,21.7,28.3,19.9,12.2,True
77I4K2,GHI012,Abdulmalik,Cosomos,economy,29.1,22.8,14.3,19.6,True
TG981C,GHI012,Abdulmalik,Dagah,economy,12.3,11.0,15.7,18.4,True
DPLKB4,GHI012,Etoro,King,business,26.9,23.8,17.1,15.7,False
NTYB6A,XYZ456,Elizabeth,Queen,economy,31.9,21.8,18.0,11.2,False
GR1JI3,DEF789,Dal,Ekong,business,37.0,22.0,18.2,10.9,False
MMP2V3,XYZ456,Warinton,Joshua,economy,34.1,14.3,10.9,16.6,False
OO2XGP,ABC123,John,Doe,economy,17.2,21.3,11.6,11.4,True
FU9PBG,ABC123,Favour,Arthur,business,18.4,15.6,15.1,14.7,False
X98HGG,ABC123,Jacobs,King,economy,11.8,10.2,19.2,16.9,True
1L8GND,ABC123,John,King,business,26.8,16.9,13.6,17.2,True
GNGELU,ABC123,Dal,Ibrahim,economy,38.9,19.6,19.9,14.4,True
B9G0WT,XYZ456,Dal,Ikedi,business,37.5,15.0,11.5,11.2,False
NO5H76,ABC123,Dal,Queen,business,15.5,22.2,15.9,13.2,False
EWXLJN,ABC123,Wilson,Dagah,business,29.5,24.9,17.5,15.7,False
XRDXDU,DEF789,Abdulmalik,Doe,business,31.3,27.1,15.6,12.7,False
IQX7GO,GHI012,James,Arthur,economy,12.6,13.5,12.5,12.2,True
QSB0HH,ABC123,John,Ekong,business,21.5,15.2,13.1,10.6,True
OI6W6I,DEF789,Etoro,Arthur,business,31.9,17.3,18.8,16.9,True
NPPVZW,ABC123,James,Ibrahim,business,10.3,27.4,15.5,17.8,True
UC8ESQ,ABC123,Sandra,Joshua,economy,24.8,17.6,13.9,14.4,True
7M6RUT,GHI012,Abdulmalik,King,business,36.2,12.5,11.4,13.5,True
50II5R,GHI012,Elizabeth,Joshua,economy,11.0,26.7,17.7,18.7,False
9WZ9B1,XYZ456,Dal,Dagah,business,27.6,10.7,16.0,16.0,False
U2JOQN,ABC123,Elizabeth,King,economy,37.5,11.9,19.8,13.8,True
LN6O1H,DEF789,Jacobs,Ekong,business,33.3,27.1,10.3,13.7,False
8RLSPK,DEF789,Sandra,Ikedi,business,39.2,11.2,13.1,13.1,False
IPV9FP,GHI012,Favour,Queen,business,19.0,21.1,15.2,19.1,False
5NFBH3,GHI012,Elizabeth,Harley,economy,20.9,29.1,18.3,11.3,True
I8W4AR,ABC123,Etoro,Ibrahim,economy,22.1,26.3,17.5,17.0,True
TIYWML,ABC123,Abdulmalik,Ibrahim,economy,17.2,25.4,16.5,16.9,False
CYPPY2,DEF789,John,Doe,business,34.7,19.4,15.6,11.8,True
CD7WOF,XYZ456,Abdulmalik,Ikedi,business,34.5,18.3,13.9,13.6,True
EVCJDH,XYZ456,Wilson,Doe,business,36.6,25.1,13.7,15.4,False
C9D1RL,XYZ456,Favour,Cosomos,business,34.5,17.9,12.2,14.9,True
X39GDU,GHI012,James,Ikedi,business,24.2,21.5,14.0,10.4,True
KDSWEW,ABC123,Sandra,Ibrahim,economy,11.3,23.6,13.8,14.0,True
2XQQRT,XYZ456,Abdulmalik,Harley,business,29.4,20.6,17.3,19.4,False
SFVX9Z,GHI012,Favour,Harley,business,20.1,29.3,16.8,18.6,True
QDI552,XYZ456,Dal,Ibrahim,business,39.6,29.0,17.1,14.6,False
4OO413,XYZ456,Dal,Cosomos,business,37.4,21.0,11.0,15.4,False
NOB1JC,ABC123,John,King,economy,31.6,10.4,18.7,16.7,True
98OSRJ,ABC123,Jacobs,Joshua,business,21.4,16.4,16.7,12.7,False
FV6U1Z,XYZ456,Etoro,Harley,economy,15.2,24.5,14.6,12.9,False
WT7YEN,XYZ456,Wilson,Doe,business,39.0,11.8,16.8,17.9,True
Y8L2IB,XYZ456,Warinton,Ikedi,economy,16.7,24.1,11.0,14.2,True
188K53,ABC123,Etoro,Doe,economy,38.3,27.0,16.8,10.1,True
S2G8YT,ABC123,Jacobs,Queen,business,29.9,12.6,12.0,10.1,True
LQSTU0,XYZ456,Sandra,King,business,11.8,29.0,17.5,16.5,True
MXKNC7,ABC123,Dal,Doe,business,31.6,28.9,14.8,11.6,False
Z1B5FW,ABC123,Elizabeth,King,economy,19.2,26.5,18.2,16.1,False
NU06FQ,DEF789,Dal,Ekong,economy,19.0,19.6,18.8,14.2,True
AFEDCJ,XYZ456,Sandra,Doe,economy,28.8,20.7,14.5,13.5,True
M7TVFT,DEF789,Favour,Queen,economy,23.5,16.1,13.1,18.5,False
XSQNB9,GHI012,Etoro,King,business,20.4,14.2,19.5,13.7,True
8RYSSE,DEF789,Elizabeth,Doe,business,30.7,21.8,10.5,16.3,True
N4N4DM,XYZ456,Abdulmalik,Cosomos,business,10.1,25.8,15.6,15.0,True
W9TL6F,ABC123,Abdulmalik,Arthur,business,16.1,25.5,11.7,13.9,False
BMECFJ,DEF789,John,Joshua,economy,17.9,16.1,17.8,11.2,True
EJ5GSG,DEF789,Wilson,Joshua,economy,39.6,15.9,13.2,18.1,False
J84DJZ,XYZ456,James,Joshua,economy,19.2,22.2,18.8,17.8,False
A330MF,DEF789,Wilson,King,economy,36.6,27.6,19.1,11.5,True
HJAUA1,XYZ456,John,Doe,economy,23.0,14.1,15.1,17.0,False
N37OOB,ABC123,Jacobs,Arthur,business,25.3,10.2,15.0,11.3,True
UQNJJW,DEF789,Elizabeth,Dagah,business,36.3,16.8,17.1,18.5,True
5LH3US,DEF789,Dal,Ibrahim,economy,26.6,19.3,15.4,16.3,False
3WQI8Z,GHI012,James,Cosomos,economy,18.7,19.9,15.8,17.9,False
QX7Z6D,XYZ456,Jacobs,Dagah,business,29.1,21.7,18.6,12.9,True
UCLM6X,GHI012,Wilson,Doe,business,37.1,28.3,10.5,11.8,True
3VTXBF,XYZ456,John,Ekong,economy,29.5,17.5,10.3,16.9,True
PTITH9,ABC123,Elizabeth,Ikedi,economy,22.3,16.8,16.1,13.1,True
43KQ4E,XYZ456,Etoro,Harley,economy,16.0,12.8,19.4,16.6,False
HXIP0Z,XYZ456,Jacobs,Joshua,economy,19.0,21.6,19.4,19.7,True
0ODFDW,XYZ456,Etoro,Ibrahim,business,10.5,11.7,16.3,12.4,False
XASXSG,XYZ456,Warinton,Ekong,economy,30.7,21.9,17.2,10.3,True
G077P5,GHI012,Dal,Cosomos,economy,33.2,25.1,10.4,14.5,False
PNPXC4,ABC123,Abdulmalik,Cosomos,business,19.3,13.7,17.8,18.1,True
WN42BT,DEF789,Abdulmalik,Dagah,economy,13.7,27.3,11.2,12.7,False
C6F35C,ABC123,Favour,Ikedi,economy,11.3,25.1,18.7,12.1,True
2J8SQI,GHI012,Elizabeth,Ibrahim,business,35.3,19.2,19.2,12.5,True
0PQARM,ABC123,Warinton,Ekong,business,16.0,11.8,10.6,17.6,True
4BMSTT,ABC123,Dal,Ikedi,economy,13.3,26.4,15.5,12.3,True
4KVAHU,GHI012,Favour,Arthur,economy,24.3,16.5,18.3,11.9,False
1ILFSZ,DEF789,James,Doe,business,39.3,11.8,12.9,14.6,False
XD4NRR,DEF789,Dal,Ibrahim,economy,11.7,17.2,19.3,13.5,False
4A4GG4,GHI012,Jacobs,Cosomos,economy,24.4,28.3,10.3,18.6,False
XTGHYY,GHI012,Etoro,Ekong,economy,21.8,16.8,14.4,13.7,True
0OSM28,DEF789,James,Ibrahim,economy,37.6,18.9,12.4,16.1,False
X97XHH,GHI012,Dal,Joshua,economy,16.2,11.8,18.6,15.9,False
E6BF4M,ABC123,Sandra,Cosomos,business,21.4,11.2,11.2,19.5,False
UZM0O7,ABC123,Jacobs,Arthur,business,19.7,17.5,14.5,14.6,True
6VC6W7,DEF789,Warinton,King,economy,10.3,19.7,16.2,17.3,False
QV3A1A,GHI012,Favour,Ibrahim,business,16.3,15.5,16.1,11.1,False
JTVF5R,XYZ456,John,Queen,economy,36.6,11.1,16.0,12.1,False
I0HXJ9,GHI012,James,Ekong,business,18.8,21.7,14.3,10.8,True
XSTULM,ABC123,Wilson,Doe,business,22.3,17.5,12.3,16.1,False
NDJFAQ,ABC123,Sandra,Ibrahim,business,23.5,12.9,16.5,11.7,False
EDMWWU,XYZ456,Elizabeth,Ekong,economy,16.7,27.3,17.4,13.2,False
8BSRZ1,ABC123,James,Queen,business,30.7,10.2,18.6,18.7,True
H2D8RA,GHI012,Elizabeth,Dagah,business,39.0,10.2,14.0,13.0,True
WN0FQR,DEF789,Elizabeth,Queen,economy,38.7,29.0,12.9,12.9,True
82EWAZ,GHI012,James,Queen,economy,24.7,13.1,14.1,10.2,False
JVJ42H,DEF789,Sandra,Ikedi,business,31.3,11.5,18.7,19.3,False
GO4ZB0,XYZ456,Favour,Joshua,business,31.6,27.8,16.9,14.2,True
BKXGBM,ABC123,Elizabeth,Cosomos,economy,24.3,29.5,13.5,10.9,True
KGUIQV,ABC123,James,Ikedi,economy,35.2,22.8,16.7,15.6,False
BGTCZ5,ABC123,Favour,Ikedi,business,36.6,20.5,12.0,10.7,True
F2X43L,GHI012,Jacobs,Dagah,business,37.4,15.2,17.8,19.2,False
42KQRX,GHI012,Abdulmalik,King,business,37.6,12.2,19.8,15.9,True
2B3KE3,GHI012,John,Arthur,economy,37.3,14.4,16.9,12.2,False
205ITY,GHI012,Wilson,Ibrahim,economy,15.8,24.9,12.2,15.1,True
6X10AG,GHI012,Wilson,Harley,economy,28.9,23.9,17.5,16.0,False
ZFF0NL,DEF789,Favour,Dagah,economy,27.4,17.1,18.8,10.9,True
LGD8CU,GHI012,Abdulmalik,Joshua,business,15.2,19.1,10.8,13.7,True
QIXLEZ,DEF789,Sandra,Cosomos,economy,24.5,25.6,19.3,16.5,True
ZGA5RF,GHI012,Wilson,Cosomos,business,23.0,25.1,15.1,14.1,True
E8WICW,ABC123,Wilson,Ikedi,economy,22.8,15.5,12.6,11.7,False
5LJA3S,GHI012,Wilson,Doe,business,18.5,24.8,15.6,18.4,True
7LQSHC,GHI012,Jacobs,Dagah,business,23.9,14.9,15.3,20.0,True
22MEP7,XYZ456,Abdulmalik,Dagah,business,14.5,24.8,17.7,18.3,False
HDZFBD,DEF789,Favour,Doe,economy,12.9,24.1,10.5,11.5,False
CEO8MF,XYZ456,Abdulmalik,Arthur,business,11.8,14.4,18.8,17.6,True
XSNJU4,ABC123,Sandra,Cosomos,business,28.2,19.2,16.2,15.2,True
QXEWE2,ABC123,Wilson,Harley,economy,23.1,10.2,18.8,13.7,True
IKSNKI,ABC123,Favour,Ikedi,economy,39.6,23.8,16.3,11.3,True
YGA5YG,ABC123,Jacobs,Cosomos,economy,19.3,20.0,13.2,17.0,False
8UX3LK,ABC123,Jacobs,Joshua,economy,15.1,14.0,12.2,17.7,False
3KUFJK,GHI012,Sandra,Dagah,business,15.6,18.1,12.4,16.9,False
VO0N2V,ABC123,Sandra,Arthur,business,27.1,24.7,17.6,12.9,True
XBSFBV,XYZ456,James,King,business,14.3,12.6,18.2,19.3,True
KWUNOK,GHI012,Abdulmalik,Ekong,economy,11.5,18.6,13.1,10.9,True
A12L20,ABC123,John,Ikedi,business,32.6,10.1,14.6,16.1,False
QVN02A,XYZ456,Warinton,Cosomos,business,20.8,10.0,14.7,16.2,False
E82EWM,DEF789,Sandra,Queen,business,28.3,10.2,11.1,15.1,False
VKOBEP,GHI012,Dal,Dagah,economy,13.4,10.5,14.3,13.8,False
CZETO3,XYZ456,Abdulmalik,Cosomos,business,14.7,24.9,17.6,17.6,True
9S3BYK,XYZ456,Favour,Ibrahim,economy,31.8,29.0,12.8,10.5,False
KX9OGP,DEF789,Warinton,Dagah,business,17.3,22.3,14.3,10.0,True
9DOF1M,DEF789,Wilson,King,business,19.6,11.2,16.4,15.2,False
4YOI0Q,DEF789,Elizabeth,Cosomos,economy,30.8,28.6,12.5,16.6,True
5MAQ6G,ABC123,Etoro,Ikedi,business,38.7,15.3,15.6,18.1,False
P2IABK,DEF789,Warinton,Ekong,business,15.6,14.1,18.9,14.6,False
6OE8PO,GHI012,Wilson,Ekong,economy,34.4,18.2,16.6,15.0,True
BAYIQQ,DEF789,Warinton,Joshua,economy,19.0,26.5,10.2,13.9,True
MUMX42,ABC123,Sandra,Ekong,economy,38.4,20.4,14.6,15.4,False
IWVTJ0,ABC123,Elizabeth,Ikedi,economy,23.9,28.1,13.5,18.3,True
7ZF108,GHI012,Etoro,Ekong,economy,14.9,19.3,13.6,12.8,True
4VSBM0,DEF789,Warinton,Arthur,economy,24.7,22.8,14.1,13.2,True
NSVLRL,ABC123,Etoro,Ikedi,economy,28.4,18.4,17.0,14.2,False
W6YMLV,ABC123,Etoro,Ikedi,business,15.0,26.4,13.5,17.1,True
96EOVE,DEF789,Warinton,Queen,business,13.7,29.7,15.2,13.9,True
667GJN,ABC123,Warinton,King,economy,24.4,14.5,10.7,17.9,True
PVDF9G,ABC123,Abdulmalik,Cosomos,business,28.4,28.9,13.1,12.6,True
75O25V,ABC123,Favour,Ibrahim,business,28.6,18.7,15.8,13.7,True
TTVUSL,DEF789,Dal,Ikedi,business,22.9,25.3,12.1,11.0,False
DPVBQQ,ABC123,Jacobs,Ekong,business,29.3,14.3,15.6,13.7,False
6FQ0O5,ABC123,Abdulmalik,Harley,business,34.3,16.9,19.8,14.5,False
MNE489,ABC123,Favour,Joshua,business,36.7,29.3,13.4,18.1,False
3LKUF8,XYZ456,Elizabeth,Dagah,economy,34.0,21.6,17.6,16.6,False
OUFFAM,XYZ456,Sandra,Joshua,business,16.9,21.9,12.8,17.5,False
VCSD5I,XYZ456,Warinton,Cosomos,business,39.8,14.6,11.2,14.0,False
NKMPUR,ABC123,Jacobs,Doe,business,28.1,27.7,16.1,16.6,True
JV5QG9,XYZ456,Dal,Arthur,economy,16.2,23.6,16.9,17.6,False
9S26P3,ABC123,Wilson,King,economy,28.3,28.0,16.5,15.5,False
KHQVAS,DEF789,Elizabeth,Ikedi,business,29.2,27.7,12.7,12.7,False
13L6H4,ABC123,Dal,Cosomos,business,35.9,24.8,16.7,19.1,False
IQRD0U,GHI012,James,Dagah,economy,27.2,25.4,10.1,14.2,True
YKNZWO,GHI012,James,Arthur,economy,35.4,20.4,14.6,11.0,True
5O6TUB,GHI012,Wilson,King,economy,20.2,21.4,16.3,14.9,False
EJT1J2,ABC123,Abdulmalik,King,economy,23.0,16.5,15.0,11.4,True
3WCS72,GHI012,John,Dagah,economy,35.8,23.6,17.4,11.9,False
VXTZJP,ABC123,Etoro,Joshua,business,28.6,25.8,13.7,14.9,False
RJG6F6,XYZ456,Etoro,Doe,business,11.2,25.5,12.1,17.2,True
82F00K,GHI012,Etoro,Harley,economy,10.9,29.5,16.8,15.1,False
V2GJ3N,GHI012,Warinton,King,business,33.4,19.6,13.9,10.1,False
NIJONA,XYZ456,Sandra,Doe,business,33.6,29.8,17.5,15.5,True
CVI2GP,XYZ456,Jacobs,Arthur,economy,28.8,13.8,18.3,15.3,False
68IZNM,XYZ456,Warinton,King,economy,35.0,14.1,19.9,16.3,True
B4RTTY,DEF789,Dal,Doe,business,39.8,19.3,14.9,13.0,True
O7GJ4G,XYZ456,Warinton,Harley,economy,28.6,21.9,18.8,15.0,False
FQ0WAA,ABC123,Abdulmalik,Arthur,business,18.8,27.3,11.4,17.2,False
N3WJC8,XYZ456,James,Ibrahim,economy,10.9,27.3,10.7,19.1,False
XPELJM,DEF789,Wilson,Ekong,business,17.9,15.4,10.5,10.5,False
EZNAEY,DEF789,Abdulmalik,King,economy,23.7,22.2,19.1,16.1,True
CEKBQN,XYZ456,John,Doe,business,36.9,28.7,13.4,12.6,False
CUHB9F,ABC123,Jacobs,Doe,business,31.8,26.0,19.3,10.8,True
0L3KPW,GHI012,Wilson,Ekong,economy,36.4,29.7,14.5,11.8,True
JKQU92,XYZ456,Wilson,King,business,16.4,20.4,10.4,10.3,False
4BZDX0,DEF789,Jacobs,Ibrahim,business,17.0,28.8,13.6,13.2,True
FXYGE4,GHI012,Jacobs,Ikedi,economy,22.9,26.6,12.5,19.6,True
HLVEF2,GHI012,Dal,Doe,business,37.7,13.1,19.5,12.0,True
C62S9C,DEF789,Dal,Doe,business,19.1,12.6,12.9,15.0,False
2HTUCC,DEF789,John,Ibrahim,business,26.4,21.1,19.0,19.0,True
2M4REB,GHI012,John,Ibrahim,business,33.2,25.4,19.0,11.4,True
IGNAR4,ABC123,James,Dagah,economy,12.2,11.1,12.4,14.8,False
K9O7X6,XYZ456,Abdulmalik,Cosomos,economy,36.1,24.0,12.8,18.3,False
8FWMAG,ABC123,Dal,Harley,business,15.1,14.1,15.1,18.7,True
31C0L2,XYZ456,Etoro,Dagah,economy,28.7,13.3,11.7,15.5,True
19IYKU,ABC123,John,Joshua,business,11.9,24.0,13.2,16.1,False
9O5MDZ,ABC123,Sandra,Ikedi,economy,23.7,16.8,10.4,12.7,False
CZOMDC,ABC123,Favour,Arthur,business,24.1,11.0,11.0,16.7,True
IS4G8W,XYZ456,Warinton,Harley,business,24.9,20.5,17.1,14.9,False
WNEJNW,XYZ456,John,Harley,economy,20.9,14.4,19.6,17.6,False
EPOXP9,DEF789,Warinton,Ikedi,business,39.8,13.9,18.1,17.3,True
12PLZX,XYZ456,Wilson,Ikedi,economy,37.5,18.9,16.6,10.5,False
U4ZPS9,XYZ456,Warinton,Cosomos,business,19.5,26.1,15.8,19.8,False
5XG941,ABC123,Wilson,Queen,business,27.4,23.2,18.3,14.1,True
1SD84M,ABC123,Abdulmalik,Queen,business,35.5,21.7,10.4,13.6,True
4N5HNJ,ABC123,Sandra,Cosomos,economy,19.5,27.7,15.6,12.3,True
F1D2XI,ABC123,John,Ibrahim,economy,38.3,26.3,18.2,18.2,False
T7VCT3,XYZ456,Abdulmalik,Ikedi,economy,15.1,12.8,13.0,11.0,True
7NMA26,DEF789,Warinton,King,business,21.6,16.0,19.6,13.0,True
UKA5WV,GHI012,Etoro,Cosomos,business,38.3,22.8,11.1,17.0,True
6IDBVU,ABC123,Dal,Ekong,business,19.8,27.1,12.6,16.5,True
J4XMMP,GHI012,Favour,Ikedi,business,36.1,27.6,11.0,16.4,True
BFJHO0,XYZ456,Etoro,Ikedi,economy,39.4,20.6,18.2,14.6,True
ET5USX,GHI012,Jacobs,Cosomos,economy,24.4,24.0,12.9,12.1,True
DMRLFU,DEF789,Elizabeth,Arthur,business,28.3,27.1,14.9,18.0,True
O9D20X,DEF789,Favour,Joshua,economy,29.6,17.4,13.2,17.8,False
DTOM0A,DEF789,Jacobs,Ikedi,economy,23.5,27.0,11.3,13.5,True
OY3JD2,ABC123,Sandra,Queen,economy,20.2,16.9,15.4,11.3,False
UZ2UCZ,GHI012,Dal,Cosomos,business,22.6,23.8,13.0,18.1,False
8PPKYP,GHI012,Warinton,Ibrahim,business,23.9,10.4,11.9,12.8,True
M9D709,DEF789,Elizabeth,Cosomos,economy,10.6,10.4,19.4,16.7,False
SRVD2Z,ABC123,Elizabeth,Cosomos,business,26.5,12.9,19.7,14.3,False
O2UOXS,XYZ456,John,King,business,35.0,24.9,13.5,12.3,False
N134W9,DEF789,Abdulmalik,Cosomos,business,28.6,28.8,11.9,14.8,False
O8R4GD,GHI012,Abdulmalik,Queen,business,23.1,17.6,11.3,17.0,False
MDX3VK,ABC123,Favour,Cosomos,economy,30.7,14.4,17.1,12.9,True
D13119,ABC123,Warinton,Doe,economy,36.3,25.8,12.7,14.9,False
AKYX6C,GHI012,Jacobs,Dagah,economy,17.6,20.5,13.2,16.5,True
OOQ5M3,DEF789,Sandra,Arthur,economy,33.0,11.4,10.9,16.8,False
OT29QM,XYZ456,Wilson,Doe,economy,29.6,30.0,18.8,14.3,False
47LUWP,GHI012,Etoro,King,business,30.4,27.2,12.0,17.7,False
UC00NV,GHI012,Jacobs,Arthur,economy,33.6,12.5,15.3,20.0,False
ZI6D5C,ABC123,Wilson,Ibrahim,business,34.7,15.3,18.7,14.6,True
XN27A8,ABC123,Wilson,Ibrahim,business,22.7,24.0,11.9,19.5,False
6LRSE0,GHI012,Favour,Joshua,economy,37.5,27.0,13.1,14.9,True
9RTANT,GHI012,Abdulmalik,Cosomos,economy,30.4,24.4,13.5,12.3,True
Q2VPCX,ABC123,Favour,Arthur,economy,28.3,20.4,10.0,19.9,True
1D9496,GHI012,Sandra,Doe,business,35.3,10.8,16.9,11.8,True
3NSDOA,GHI012,Wilson,King,economy,37.5,24.4,15.0,11.7,False
7A7SGQ,GHI012,Sandra,Joshua,economy,12.2,29.9,11.2,18.0,True
VPYQJC,ABC123,Dal,Doe,economy,37.7,15.2,18.3,17.6,False
HYDFQS,GHI012,Elizabeth,Ekong,business,36.2,13.3,10.4,11.8,False
TZROI0,ABC123,Jacobs,Queen,economy,16.2,27.1,11.2,11.7,False
3UM33R,DEF789,Sandra,Ikedi,business,23.3,12.8,12.4,15.7,True
Y833M6,XYZ456,Sandra,Cosomos,business,12.2,21.7,19.7,14.0,False
I3K9RZ,GHI012,John,Cosomos,business,21.7,15.8,13.9,19.1,True
394R0Y,ABC123,Abdulmalik,Arthur,business,30.4,16.4,13.0,12.4,True
3QQKCE,GHI012,Warinton,Ikedi,business,14.0,15.0,19.3,12.5,True
68GX1L,DEF789,Wilson,Cosomos,business,10.7,11.4,10.8,15.6,False
SC015G,DEF789,James,Ibrahim,business,19.0,17.1,12.2,13.1,True
RMCW32,ABC123,Dal,Cosomos,economy,38.9,29.6,11.7,18.2,True
UTKY78,DEF789,Jacobs,Arthur,economy,20.8,16.7,19.7,18.8,True
UJ58GP,DEF789,James,King,economy,22.0,22.0,19.5,18.5,False
ZEFU7N,GHI012,Favour,King,economy,23.1,10.4,11.7,13.3,False
2ZHIBJ,XYZ456,Etoro,King,economy,17.4,13.6,18.0,14.6,True
A6H2BC,XYZ456,Abdulmalik,Arthur,business,17.1,21.0,13.3,15.3,False
IZFX4R,DEF789,James,Ikedi,economy,29.2,15.1,19.0,10.7,True
E5FQFO,DEF789,Warinton,Ekong,economy,13.8,24.0,10.2,12.2,True
QBEQ24,GHI012,Favour,King,economy,27.5,21.5,17.5,16.0,True
E0JXJV,GHI012,Sandra,Ekong,business,38.7,27.1,17.5,13.7,True
2AG0OD,DEF789,Wilson,King,economy,14.1,26.8,16.7,15.6,False
LEHMD8,GHI012,Dal,Ekong,business,28.9,16.3,11.4,19.8,True
GBT38O,XYZ456,Sandra,Cosomos,economy,27.8,29.7,18.0,14.2,True
7IQ6PB,ABC123,James,Queen,business,20.1,17.7,12.6,11.6,True
IYOFGZ,GHI012,Etoro,Ikedi,economy,38.3,10.4,13.0,18.9,True
9ZJ62W,GHI012,Wilson,Harley,business,22.9,20.4,13.5,15.2,True
Z44BS1,ABC123,Sandra,Cosomos,business,14.7,17.6,16.5,14.1,True
PJVUAE,DEF789,Favour,King,business,13.6,21.1,13.7,12.9,True
358TT5,ABC123,James,Doe,business,23.4,25.3,18.7,10.4,True
4MUVAV,XYZ456,John,Ikedi,economy,22.8,20.3,16.7,12.3,True
AX4P5I,GHI012,James,Joshua,economy,24.2,16.2,16.2,17.8,False
8OZRIZ,DEF789,John,Cosomos,business,30.6,28.0,18.3,18.1,False
SGGPBJ,GHI012,Elizabeth,Cosomos,business,39.9,22.9,11.0,11.0,False
6K90X6,ABC123,Jacobs,Ibrahim,economy,24.8,19.7,11.0,16.8,True
EK8AYA,ABC123,Jacobs,Cosomos,economy,10.7,20.7,18.7,11.5,False
51MBEY,GHI012,Sandra,Ekong,economy,14.0,23.8,13.1,12.6,False
PDPA75,GHI012,Jacobs,Ikedi,economy,38.5,29.2,13.1,17.3,False
HAJRHF,DEF789,Jacobs,Harley,business,29.9,28.6,16.0,14.7,False
W94ZKK,DEF789,Jacobs,Doe,economy,22.1,10.7,10.1,18.6,True
3IFWUG,DEF789,John,Arthur,business,23.7,24.6,16.2,18.6,False
NMJ09J,ABC123,Jacobs,Ekong,economy,14.9,18.5,11.2,18.5,False
SKC9C2,GHI012,James,Queen,business,31.2,11.1,15.1,16.4,False
WKO980,GHI012,James,Dagah,business,14.2,25.9,18.2,15.3,True
5IKHI7,DEF789,Abdulmalik,Ekong,economy,19.4,26.7,19.6,11.5,False
UEWS1P,XYZ456,Jacobs,Ekong,economy,23.1,29.7,16.3,10.8,True
NSMP6N,GHI012,Warinton,Ikedi,business,38.4,14.6,10.3,13.0,False
AOHVM2,DEF789,Jacobs,Ikedi,economy,12.5,26.5,17.1,10.6,False
TQIGK4,ABC123,Abdulmalik,Joshua,economy,32.5,28.6,18.1,10.6,False
HD3RJ4,XYZ456,Favour,Dagah,economy,20.4,23.3,14.6,13.3,False
OVPBL7,XYZ456,James,Harley,business,12.1,15.8,14.5,14.8,False
SH0S4P,GHI012,Wilson,Dagah,business,26.7,22.7,15.2,10.9,False
S3212S,XYZ456,Wilson,Doe,economy,28.6,20.0,11.6,19.4,False
ESI57I,ABC123,Abdulmalik,Cosomos,business,21.0,12.4,17.3,15.1,True
UMRC9D,ABC123,Jacobs,King,economy,12.5,29.4,16.2,13.2,True
AJ589P,DEF789,James,Doe,economy,17.2,15.3,14.4,19.4,False
1CGG2E,DEF789,Dal,Ikedi,economy,16.6,20.3,16.1,14.3,False
B6GV3N,GHI012,Jacobs,Ekong,economy,13.6,18.2,14.7,14.5,False
RC7N7F,GHI012,Dal,Doe,economy,13.4,15.5,18.0,10.7,True
Z21NZ3,GHI012,Elizabeth,Harley,economy,10.8,29.9,18.8,17.5,True
JLIKYF,ABC123,Etoro,Arthur,economy,34.0,16.9,12.4,17.9,True
MFEENX,XYZ456,Favour,Harley,business,39.0,27.0,15.2,15.8,False
KX8N0B,ABC123,Dal,Arthur,economy,23.5,13.6,19.1,11.9,True
LXFRMP,ABC123,Etoro,Queen,business,38.7,20.7,12.9,18.1,True
0B0DJK,ABC123,Etoro,Doe,business,29.6,18.5,19.0,19.9,True
TENUM2,GHI012,Wilson,Ikedi,business,19.2,28.3,12.1,14.8,True
SG7FQ9,DEF789,Sandra,Doe,economy,39.7,25.1,15.9,13.4,False
QVL22C,GHI012,John,Ibrahim,economy,26.5,10.6,12.6,15.8,False
37CKL1,DEF789,Warinton,King,economy,36.6,18.6,19.5,17.9,True
H7KYQV,XYZ456,Abdulmalik,Queen,business,32.6,19.8,13.4,15.3,False
1BOYPE,DEF789,Etoro,King,business,17.2,10.2,15.3,10.1,True
QADE1Y,XYZ456,Warinton,Ibrahim,economy,37.1,12.6,10.5,17.1,False
MS3Q54,ABC123,Wilson,Joshua,business,23.4,10.4,19.1,14.7,False
IF69FP,DEF789,Abdulmalik,Queen,economy,17.7,22.6,16.5,14.2,False
XQOV9E,GHI012,Abdulmalik,Dagah,economy,34.9,25.2,12.5,17.8,False
18UFHW,GHI012,Dal,Harley,economy,38.5,18.9,16.4,17.2,False
2WM31V,XYZ456,John,Queen,business,15.1,29.0,12.9,19.4,True
CJ2AUN,XYZ456,James,Ibrahim,business,24.7,15.5,19.9,18.6,False
FJ5AGT,XYZ456,Etoro,Ibrahim,business,26.7,13.9,14.4,18.5,False
FHWGI1,DEF789,Jacobs,Ikedi,economy,16.1,16.9,17.0,18.1,False
21M45S,XYZ456,John,Doe,business,17.2,28.6,13.0,15.0,True
0IHV8G,XYZ456,John,Ikedi,economy,34.3,10.3,17.7,18.3,False
RCAHY1,DEF789,Favour,King,business,12.5,20.8,11.2,11.7,True
O2ZRUF,DEF789,John,Cosomos,business,23.8,21.6,14.8,10.0,True
GRPDQT,DEF789,Sandra,Joshua,economy,22.7,26.1,11.2,17.9,False
ELCMAZ,ABC123,Etoro,Ibrahim,business,12.5,20.0,13.9,18.0,False
WMLNGB,XYZ456,James,King,business,11.0,27.8,18.8,10.0,False
M537GI,XYZ456,Dal,Queen,business,20.0,14.8,15.2,11.8,False
YEY26R,DEF789,Sandra,Joshua,economy,29.3,27.9,19.6,18.5,True
MT4XOD,ABC123,James,Ikedi,business,33.6,11.2,17.8,10.4,False
LLPXVM,ABC123,Warinton,Dagah,economy,27.6,10.1,18.5,15.8,False
GMSBBU,GHI012,Abdulmalik,Ibrahim,economy,28.5,28.1,20.0,10.1,False
WS7ZNV,GHI012,Favour,Dagah,economy,32.1,27.4,12.2,15.3,False
AJDFJ6,GHI012,John,Cosomos,economy,37.8,19.5,15.7,15.7,False
MLICDK,ABC123,Abdulmalik,Ibrahim,economy,37.1,29.1,17.9,16.7,True
GC6DE7,DEF789,Warinton,Dagah,business,34.7,10.2,17.5,17.6,False
LR6MLE,DEF789,Abdulmalik,Arthur,economy,18.6,26.8,10.2,18.2,True
10KOP5,DEF789,James,Queen,economy,35.9,10.8,14.7,18.8,False
WWP05K,GHI012,James,Ibrahim,business,30.1,12.3,16.4,14.3,False
V2DMUV,GHI012,Abdulmalik,Harley,economy,26.1,27.1,11.2,10.7,False
K09P6D,XYZ456,Jacobs,Ikedi,economy,14.8,15.4,11.0,18.3,True
A8E1VV,XYZ456,Sandra,King,economy,27.6,28.4,17.2,12.0,False
OW6AC7,GHI012,James,Ekong,economy,12.4,21.3,11.1,13.4,True
63YXIC,XYZ456,Etoro,King,economy,27.7,18.1,19.5,17.0,True
2THCAD,ABC123,Dal,King,economy,14.6,11.6,17.4,13.5,True
KV88H3,ABC123,Abdulmalik,Dagah,economy,10.8,10.6,18.5,16.8,True
XU8M64,DEF789,Wilson,Harley,economy,14.5,15.2,18.1,16.3,True
WFHV5O,DEF789,Wilson,Ibrahim,economy,17.7,13.1,18.8,19.8,False
BCDWTT,GHI012,James,Ekong,business,20.7,27.8,11.0,15.7,False
0GR2F5,ABC123,Sandra,Ibrahim,business,32.2,18.9,17.9,18.8,False
FDD39S,DEF789,Wilson,Dagah,business,13.8,17.1,11.8,11.4,True
14M2N5,DEF789,Warinton,King,business,13.2,11.2,19.7,10.9,False
LZQRXD,GHI012,James,Dagah,economy,34.6,25.2,14.3,12.3,True
73RF9K,DEF789,James,Ekong,economy,37.1,26.7,13.3,13.0,False
7J1JOQ,GHI012,John,Ikedi,business,12.8,20.0,14.6,17.4,False
IKF7OD,GHI012,Abdulmalik,Dagah,business,17.1,20.7,11.2,16.0,False
7U969G,GHI012,Elizabeth,Queen,economy,19.4,10.8,10.6,14.4,True
G3Y7XU,GHI012,Favour,Ikedi,economy,17.6,22.6,12.8,17.8,True
4C3S7N,GHI012,John,Ekong,business,27.9,18.9,17.2,14.1,False
N5B5LA,ABC123,Favour,Joshua,economy,16.9,14.6,16.7,15.0,True
OLBH2V,DEF789,Favour,Cosomos,business,10.9,22.0,14.5,19.8,False
OHPSDM,GHI012,John,Arthur,business,13.5,23.5,15.1,11.7,True
G5X8O8,ABC123,John,Ekong,economy,30.5,27.0,19.1,11.6,True
4WGIX9,ABC123,Elizabeth,Arthur,business,13.0,11.0,19.2,17.9,False
V5388N,XYZ456,Sandra,Joshua,business,20.1,23.2,17.3,14.4,False
7I42PT,XYZ456,Abdulmalik,Cosomos,economy,21.4,11.7,15.7,13.9,False
L6LY8M,GHI012,Jacobs,Ikedi,economy,23.6,13.4,17.2,16.9,False
JTPIA4,XYZ456,Warinton,King,business,20.8,15.6,18.7,13.9,False
ORPIZX,XYZ456,Jacobs,Arthur,economy,26.0,20.6,11.7,12.8,True
X94YS1,ABC123,Abdulmalik,Dagah,business,38.7,11.7,10.8,18.0,False
N2P5GR,XYZ456,James,Joshua,economy,29.1,21.4,15.9,16.8,True
P4CUON,ABC123,Sandra,King,economy,21.9,20.0,10.8,11.9,False
JOP0J9,DEF789,Dal,Joshua,economy,15.1,24.7,13.5,16.1,True
1FS1G7,GHI012,Sandra,Ekong,business,11.8,18.7,15.7,14.3,False
HDHRQF,DEF789,Warinton,Doe,business,19.3,16.3,14.5,16.2,False
X2HY9W,ABC123,Etoro,Ikedi,business,27.8,12.6,12.6,13.3,True
RDO8WK,DEF789,Jacobs,Cosomos,economy,25.3,12.2,15.2,14.2,False
KWEY89,XYZ456,Wilson,Joshua,economy,32.1,10.2,16.5,19.2,True
IHQ5RS,ABC123,Dal,King,economy,12.4,12.3,14.3,13.9,True
HDQWNT,ABC123,Favour,Harley,business,19.6,29.6,18.9,17.5,False
AAQBQJ,DEF789,Favour,Harley,economy,37.5,13.9,11.7,19.0,True
CWQT2N,ABC123,Elizabeth,Arthur,economy,17.9,14.9,18.0,16.6,True
9YXJ6E,XYZ456,Elizabeth,Ikedi,business,11.4,21.2,14.9,15.5,True
68DF5N,DEF789,Etoro,Harley,economy,17.9,10.3,19.5,14.5,False
S4SP9B,XYZ456,Elizabeth,Ekong,business,14.1,24.8,15.1,12.7,True
XE1T3O,DEF789,Sandra,Harley,business,32.7,15.4,10.9,17.9,False
IX61ZY,GHI012,Jacobs,Queen,business,19.9,24.0,13.8,19.3,False
Y9EN31,GHI012,Jacobs,Harley,business,18.9,26.4,14.1,13.1,False
M6WZ1D,GHI012,Abdulmalik,Cosomos,business,32.2,14.3,12.2,12.8,True
VFLPO2,DEF789,Dal,Dagah,economy,17.0,22.2,15.5,11.8,False
09X0QM,XYZ456,Wilson,Harley,economy,33.1,14.2,13.7,12.0,False
2J45L7,GHI012,Abdulmalik,Queen,economy,27.7,22.0,12.4,10.8,False
S2VP96,DEF789,Etoro,Ekong,economy,19.1,13.4,16.0,13.5,False
4YHHIF,DEF789,John,Harley,business,11.0,11.3,14.6,16.8,False
02M3MB,GHI012,Warinton,Queen,economy,17.6,14.0,18.4,10.6,False
N4GBK4,GHI012,Sandra,Queen,business,12.4,20.7,18.4,13.1,False
JVRKXE,ABC123,James,Arthur,economy,29.1,22.5,19.0,19.4,False
0QL8VU,DEF789,Sandra,Doe,business,12.6,20.1,14.2,14.0,False
QFJBFA,GHI012,Abdulmalik,Ekong,business,34.7,23.2,15.0,17.2,True
831EFU,XYZ456,Sandra,King,business,24.0,24.1,18.3,10.8,True
27TJ7F,DEF789,Wilson,Queen,business,22.3,21.3,19.5,19.1,False
ISVM1K,GHI012,Jacobs,Arthur,economy,19.9,27.9,16.9,13.1,False
3U5LQL,DEF789,James,Harley,economy,38.6,21.3,11.2,14.6,False
GLD7XI,DEF789,Sandra,Dagah,economy,24.6,12.4,13.1,16.8,True
Y582VX,GHI012,Jacobs,Ikedi,economy,14.8,14.6,11.0,16.3,True
VTHIGL,XYZ456,Sandra,Harley,business,35.0,21.9,17.3,12.4,True
ALLNVH,GHI012,Wilson,Ibrahim,business,21.0,27.8,10.8,15.4,True
3E4Q8Z,DEF789,Wilson,Joshua,economy,32.0,26.0,16.0,11.1,True
F9OGBC,DEF789,Etoro,Queen,business,11.0,28.5,19.7,16.3,True
JWSVPH,ABC123,Dal,Queen,economy,24.1,11.0,15.9,10.3,False
6T08FB,DEF789,James,King,economy,13.3,23.0,17.5,19.3,True
4SSGDO,XYZ456,Etoro,Harley,economy,32.5,27.1,12.1,14.8,False
58NVND,XYZ456,Etoro,Arthur,business,25.5,14.6,18.1,19.4,False
V5CC8L,ABC123,Warinton,Dagah,business,28.0,20.3,12.3,17.2,True
H5K3C3,DEF789,Wilson,Queen,economy,33.5,10.1,17.5,16.8,True
6VQ76N,XYZ456,Favour,Joshua,business,35.2,11.9,14.4,15.5,True
3LZX5R,ABC123,Warinton,Queen,business,36.7,13.7,16.2,18.0,True
W27OBR,GHI012,James,Ekong,business,14.6,13.1,15.7,10.2,True
85LALP,ABC123,Elizabeth,Harley,business,31.6,13.0,19.1,11.3,True
0FIND1,DEF789,Dal,Ikedi,economy,32.5,24.7,13.1,15.2,True
H7URBA,DEF789,Sandra,Joshua,economy,20.5,13.5,18.9,18.2,True
NF8L04,ABC123,Dal,Ekong,economy,28.0,13.2,10.6,18.1,True
I2GXR5,DEF789,Jacobs,Harley,economy,37.5,24.2,15.4,12.0,True
W8OV8X,DEF789,Etoro,King,business,21.2,23.8,11.8,15.2,True
7TKW7K,ABC123,Warinton,Cosomos,business,32.6,29.8,10.4,16.9,False
DY9UM9,DEF789,Warinton,Ikedi,business,16.4,28.1,18.3,18.5,True
NNNSTP,ABC123,Jacobs,Arthur,economy,30.4,27.5,17.5,13.2,True
91WOM9,ABC123,Sandra,Ikedi,economy,38.5,14.7,18.4,17.5,False
RDC8W1,GHI012,Jacobs,Dagah,economy,18.5,18.4,10.6,11.3,False
SR6YUK,ABC123,Warinton,Arthur,business,12.7,10.1,11.5,19.8,False
II4OH2,ABC123,Etoro,Harley,economy,16.2,20.2,10.4,18.6,False
KNC525,DEF789,Warinton,King,business,20.7,17.3,17.2,16.7,False
NU058Q,XYZ456,Abdulmalik,Ibrahim,business,27.8,26.1,12.8,10.8,False
UNT1UE,DEF789,Favour,Arthur,business,37.8,20.9,14.4,12.7,False
78DOSI,DEF789,Wilson,Dagah,economy,13.0,24.7,18.9,17.3,False
ZWZTO8,DEF789,John,Cosomos,business,14.3,14.0,17.7,12.4,True
9568MF,DEF789,Elizabeth,Doe,business,12.6,29.1,17.7,15.2,False
JSHSLL,XYZ456,Dal,Doe,business,23.7,11.5,15.7,13.7,True
I0GMR7,GHI012,James,Joshua,business,39.9,17.3,13.8,19.8,True
MGT42D,GHI012,Abdulmalik,King,business,12.5,26.5,16.0,15.1,True
U2MB8Z,DEF789,Warinton,Joshua,economy,26.3,15.7,16.5,18.5,True
ZLG65K,ABC123,Favour,Doe,economy,21.5,27.1,14.7,10.3,True
P3K946,DEF789,James,Arthur,business,26.5,18.3,16.7,18.1,True
99UVCQ,DEF789,Favour,Dagah,economy,28.4,27.5,18.0,13.4,False
CFJD5V,XYZ456,Sandra,Doe,economy,25.1,18.9,16.8,11.8,False
MAYPFM,ABC123,Warinton,Ikedi,economy,27.4,24.2,16.7,16.1,True
OI88R0,DEF789,Dal,Doe,economy,16.2,20.2,10.8,13.8,False
66WAWO,XYZ456,Favour,Dagah,business,35.9,16.4,12.9,13.6,True
2847DP,XYZ456,Favour,Dagah,business,35.3,13.6,10.8,15.8,True
PI04PH,GHI012,Elizabeth,Doe,economy,37.5,25.5,12.1,15.1,False
QCAM3F,XYZ456,Wilson,Doe,business,18.8,23.7,10.9,13.8,False
9JPIYH,XYZ456,Jacobs,Dagah,economy,12.6,23.2,13.8,19.6,True
Y05JQ8,DEF789,Wilson,Arthur,business,16.9,20.5,10.1,10.9,True
ORPKBG,XYZ456,John,Dagah,business,19.0,18.4,13.8,10.4,False
C09OEQ,XYZ456,James,King,economy,22.7,28.4,14.8,13.9,True
2BMPT0,GHI012,Elizabeth,Ekong,business,13.6,14.9,18.8,15.3,False
L6X1LD,GHI012,John,Arthur,business,36.4,20.8,17.6,16.6,True
EK9WSI,GHI012,Warinton,Arthur,business,29.6,19.1,16.2,14.6,True
ZXJDGK,DEF789,John,Dagah,business,10.8,14.6,19.5,13.0,True
F2FQCN,XYZ456,Abdulmalik,Arthur,economy,38.8,22.3,15.5,18.1,False
QWBT3W,XYZ456,Wilson,Joshua,economy,20.3,11.3,19.8,11.6,True
7V12WW,XYZ456,Sandra,Cosomos,economy,29.8,15.0,20.0,15.4,False
3D7K3M,GHI012,Favour,Joshua,business,20.0,22.8,11.0,12.2,False
2KMX7Y,DEF789,Warinton,Harley,business,36.4,20.4,16.2,15.4,True
ENGSQP,ABC123,James,Harley,economy,22.5,23.1,19.5,17.0,False
5P9T2J,XYZ456,Dal,Dagah,economy,23.3,23.7,13.1,14.8,True
WABJRE,ABC123,Jacobs,Ibrahim,economy,29.1,20.4,17.5,12.1,True
SUSUGK,DEF789,Warinton,Queen,economy,18.2,13.5,13.3,17.7,True
M5ETPG,ABC123,John,Dagah,business,22.3,17.9,13.1,19.1,False
FI2L2T,DEF789,Dal,Ibrahim,economy,13.6,17.7,17.8,17.6,True
VW84P2,XYZ456,Sandra,Ibrahim,business,24.8,22.8,17.9,12.2,True
UJWPD9,ABC123,Elizabeth,Ikedi,business,25.1,12.8,14.6,15.0,False
CJ6OVC,ABC123,Favour,Queen,business,12.5,22.5,18.7,17.3,True
54C8N8,DEF789,Abdulmalik,Doe,economy,11.5,19.1,14.1,13.7,False
C0GPSH,XYZ456,James,Joshua,business,31.7,27.0,16.3,15.8,False
8C1QWH,DEF789,Jacobs,Cosomos,business,39.7,14.3,12.5,17.0,False
35TQN5,GHI012,John,Harley,business,33.0,23.1,19.8,15.8,True
MBDEL6,XYZ456,Warinton,Ikedi,economy,11.4,25.7,10.4,14.1,False
6BDS5X,XYZ456,Wilson,Ekong,business,32.6,28.0,19.6,16.7,True
ZHI6GU,GHI012,Etoro,Cosomos,business,39.2,14.6,18.8,13.1,True
3TPGXN,DEF789,Elizabeth,Ibrahim,business,34.0,28.2,16.3,18.8,True
RAYNMX,DEF789,Sandra,Arthur,economy,32.8,23.5,14.5,15.8,False
R1F5CJ,XYZ456,Dal,Harley,business,34.2,28.4,19.0,19.8,False
UVW44U,GHI012,Warinton,Ikedi,business,10.3,21.8,12.1,12.7,False
VU1R6S,XYZ456,Jacobs,Joshua,economy,25.3,13.3,11.8,13.7,False
8SW9UA,ABC123,Sandra,Dagah,business,10.6,29.9,14.6,15.6,False
2TIT7Q,GHI012,Favour,Ekong,economy,39.2,13.8,14.1,13.1,False
1Q3NB7,XYZ456,James,Ekong,business,34.4,18.2,15.2,11.7,True
FDXPU0,XYZ456,Wilson,Cosomos,economy,11.9,19.5,15.6,16.1,False
K5IVLF,ABC123,James,Arthur,economy,17.9,17.2,18.2,13.9,False
21S6DE,DEF789,John,Ibrahim,economy,10.4,25.2,12.1,16.7,True
YSBZ0J,DEF789,Favour,Harley,business,22.5,18.2,19.0,19.9,True
Z7XMHG,DEF789,Favour,Ikedi,business,26.3,23.9,19.0,12.5,True
S8XXJW,ABC123,Dal,Ikedi,business,32.6,22.6,10.7,13.2,False
VJRT0Q,XYZ456,Jacobs,Ibrahim,business,39.9,12.1,14.9,11.1,False
PUJNBA,XYZ456,Warinton,King,business,12.4,10.8,17.1,12.7,True
B3NKLG,XYZ456,James,Ekong,economy,14.0,14.7,15.8,19.5,False
9JY2AO,ABC123,Elizabeth,Cosomos,economy,33.2,25.6,12.9,14.0,False
B81EPI,ABC123,Wilson,Joshua,economy,26.0,28.2,19.5,17.6,True
77HPOT,GHI012,Favour,Ibrahim,economy,30.0,13.2,18.2,17.5,False
FBW6LE,XYZ456,Elizabeth,Ibrahim,business,27.0,14.5,15.6,13.4,True
LVGA2R,DEF789,James,Harley,economy,18.9,23.9,15.0,18.7,False
WAD3OD,DEF789,James,Cosomos,economy,28.1,26.2,18.9,12.5,False
13GDXM,DEF789,Dal,Cosomos,business,33.0,17.5,19.8,11.2,True
64F870,ABC123,Dal,Cosomos,economy,39.1,18.6,12.3,14.4,True
23GBJJ,GHI012,John,Doe,economy,16.7,29.6,18.3,16.5,True
RJ9U5U,XYZ456,Wilson,King,business,35.8,11.9,18.1,17.8,False
8WH2CT,ABC123,Dal,Queen,economy,16.9,27.0,10.2,18.4,False
18LR35,DEF789,Favour,Harley,business,21.3,18.8,15.3,14.3,False
246528,ABC123,Warinton,Cosomos,economy,30.7,13.6,17.4,17.1,True
D60RO0,GHI012,Jacobs,Ibrahim,economy,38.7,12.3,19.8,17.4,True
N2F910,DEF789,Favour,Cosomos,economy,15.1,19.5,17.1,12.4,True
H75H6K,XYZ456,Etoro,Queen,business,13.6,19.0,10.6,12.1,False
51EFDX,DEF789,John,Ekong,business,20.8,18.3,19.3,12.6,False
R5KBUU,ABC123,James,Doe,economy,13.4,22.1,13.3,18.2,False
1MGEZM,XYZ456,Warinton,Joshua,business,12.9,15.1,18.5,16.5,False
8VOGPS,XYZ456,Favour,Joshua,economy,18.5,18.4,13.7,17.2,True
8G1NVX,GHI012,Dal,Ekong,economy,12.6,23.9,17.2,14.1,True
B962HP,GHI012,Favour,Ekong,business,24.0,20.7,17.4,10.8,False
FXT2LA,XYZ456,Etoro,Joshua,business,34.6,15.0,14.0,13.7,False
ARR759,DEF789,Elizabeth,Ibrahim,economy,31.2,13.4,16.5,17.6,False
0K5978,ABC123,James,Joshua,business,10.1,27.0,11.6,10.9,False
7HCMLT,ABC123,James,Doe,business,28.8,16.5,15.1,15.6,False
STIYT9,XYZ456,Sandra,Cosomos,business,37.1,10.8,15.7,14.1,True
0L6OT1,XYZ456,Abdulmalik,Harley,business,25.8,22.7,18.5,18.0,True
7EB00W,DEF789,John,King,economy,32.7,15.1,10.3,17.0,True
H0M9ID,DEF789,Abdulmalik,Dagah,business,25.5,20.1,12.4,16.8,False
2UGG3Z,GHI012,Abdulmalik,Arthur,business,29.2,20.0,10.3,15.0,False
A1TTON,XYZ456,Dal,Joshua,business,13.0,28.0,16.4,12.3,False
PB0SBN,ABC123,Dal,Doe,business,31.0,10.6,12.4,11.1,False
SU2LCF,GHI012,Sandra,Ikedi,business,17.6,20.5,13.5,11.1,False
TKY0M8,DEF789,Favour,Arthur,business,17.4,18.1,17.9,13.7,True
NXIB68,GHI012,Elizabeth,King,business,13.8,14.1,18.4,18.6,False
814Z0D,XYZ456,John,Ibrahim,business,30.2,22.1,16.1,16.1,True
0RL589,ABC123,Favour,Harley,business,37.9,10.4,19.2,15.7,True
3PCTN5,GHI012,Warinton,Ibrahim,business,32.7,29.2,19.3,19.5,True
H3EM4H,XYZ456,John,Cosomos,business,31.3,29.3,14.4,12.7,True
0UOH5K,GHI012,Abdulmalik,Cosomos,business,35.1,17.6,14.1,18.4,True
AB7BNC,XYZ456,Abdulmalik,Queen,economy,25.8,22.1,13.2,14.5,False
38L2I6,XYZ456,Dal,Cosomos,business,32.8,25.7,14.7,19.9,False
BVZY87,XYZ456,Warinton,Arthur,economy,13.9,25.1,19.7,17.6,False
DL6KMI,GHI012,Abdulmalik,King,business,20.3,27.1,11.1,18.0,True
6PJ2Z3,ABC123,Favour,Ekong,economy,33.2,28.7,11.9,17.2,False
F7N9J5,XYZ456,Warinton,Doe,business,23.5,24.3,18.0,16.5,False
2NOEI2,GHI012,Dal,Dagah,business,17.5,15.5,10.5,17.8,False
3LM2Y6,XYZ456,Abdulmalik,Ikedi,economy,17.7,16.1,10.9,18.7,False
W1L9M5,DEF789,Wilson,Cosomos,economy,10.2,19.0,13.2,10.7,True
3ELAK6,DEF789,Sandra,Ikedi,economy,17.9,25.6,10.5,12.8,False
FTR4F1,GHI012,James,Ekong,economy,37.3,28.0,16.2,18.8,False
I6J62L,GHI012,Wilson,Harley,business,38.2,23.5,13.5,15.6,False
W88MWQ,ABC123,Warinton,Doe,economy,16.8,14.2,10.2,16.2,False
U9QWNH,DEF789,Sandra,Cosomos,economy,17.5,12.9,13.6,16.4,False
M9BTYL,DEF789,Abdulmalik,Ibrahim,business,36.6,19.9,18.7,15.6,True
OW4F8G,DEF789,Favour,Doe,business,31.5,21.0,12.0,19.3,False
VG97RI,GHI012,Sandra,Cosomos,business,26.0,16.9,17.1,18.8,True
50NBGI,ABC123,Elizabeth,Ikedi,business,32.7,19.1,18.2,16.2,True
FM05FY,DEF789,Favour,Ikedi,economy,16.9,15.2,19.7,10.4,False
VJXS4G,GHI012,John,Ekong,business,27.5,29.3,18.2,17.4,False
197GZJ,DEF789,Etoro,Doe,economy,23.7,28.8,12.5,12.7,True
O6EPWD,GHI012,Jacobs,Doe,economy,19.0,18.6,17.3,15.0,False
PJ9WP1,ABC123,Elizabeth,Doe,business,39.4,13.2,11.2,15.9,False
55JBOX,GHI012,Abdulmalik,Ibrahim,business,37.6,26.2,14.2,17.6,True
5B0XUD,ABC123,Favour,Dagah,economy,27.0,29.6,12.9,18.9,False
ORYZ2X,ABC123,Dal,Cosomos,business,20.6,17.8,14.7,14.0,True
3UT5P1,DEF789,Etoro,Joshua,business,28.0,12.9,12.2,10.2,False
XPC2BU,XYZ456,Elizabeth,Harley,business,13.4,19.8,15.9,10.1,True
F02M8W,DEF789,Sandra,Joshua,economy,21.7,29.4,13.8,18.4,True
8S3B36,XYZ456,Warinton,Ekong,economy,28.1,24.8,18.2,14.3,True
1R92WH,ABC123,Jacobs,Ibrahim,economy,15.7,15.1,12.8,19.7,True
24X97Z,GHI012,James,Arthur,business,31.6,18.8,17.4,19.9,True
FL3JXK,ABC123,Favour,Cosomos,economy,19.2,24.5,15.8,15.7,True
EATYUI,XYZ456,Etoro,Cosomos,economy,38.1,11.7,18.0,19.0,True
RYNUSU,GHI012,Abdulmalik,Arthur,economy,21.7,17.8,13.5,18.4,True
CTK07V,DEF789,James,Ibrahim,business,12.9,27.2,17.9,18.3,True
X0S0XP,GHI012,Elizabeth,Ikedi,economy,38.2,26.2,13.3,12.6,False
IOH2JJ,XYZ456,Dal,Queen,business,29.1,18.3,17.9,17.3,True
ZRSI59,XYZ456,Wilson,Dagah,business,39.6,12.4,11.5,15.3,True
ACSFOM,XYZ456,Elizabeth,Queen,economy,25.0,21.0,14.9,13.7,True
EHWHA8,GHI012,Warinton,Ekong,economy,36.5,28.8,14.4,18.3,False
JLWQB5,DEF789,Dal,Arthur,business,36.1,16.0,10.9,13.0,True
NLWSRM,ABC123,James,Queen,business,17.4,15.9,16.5,17.3,False
XHWAXO,XYZ456,Abdulmalik,Arthur,economy,21.7,26.3,17.2,18.2,True
9VGT4L,DEF789,Warinton,Ikedi,economy,17.7,26.7,18.3,14.5,True
ACV0JU,GHI012,Abdulmalik,Ekong,business,20.4,10.1,12.0,11.7,True
9TWX56,GHI012,James,Cosomos,economy,25.7,18.6,19.7,18.0,True
R53HX3,ABC123,Etoro,Ekong,business,17.7,12.0,13.8,11.8,True
NL60QW,ABC123,Jacobs,Doe,business,30.5,19.9,12.2,12.2,True
UM85CR,ABC123,James,Joshua,business,17.0,10.8,17.5,14.7,True
1XAI2Z,DEF789,Sandra,Cosomos,economy,26.4,18.3,12.9,17.6,False
PVCJ1F,XYZ456,Warinton,Ibrahim,business,37.7,16.7,14.7,15.8,True
T2DJ57,GHI012,Etoro,Ibrahim,business,26.0,24.8,19.5,18.1,False
WY73I1,XYZ456,Sandra,Doe,economy,34.7,27.8,13.9,18.9,False
8APEM9,XYZ456,Jacobs,King,economy,28.7,14.9,11.6,12.2,False
LHBPY7,ABC123,Etoro,Ibrahim,economy,19.4,22.3,10.2,17.9,False
EKL5DZ,XYZ456,Elizabeth,Dagah,business,30.9,18.0,14.1,19.2,True
9W585K,GHI012,Jacobs,Dagah,economy,20.1,20.2,15.1,18.5,False
Q1I9F2,GHI012,Favour,Queen,economy,13.9,21.1,15.4,18.1,False
ZPQG9A,GHI012,Jacobs,Harley,economy,20.8,10.8,15.6,10.4,True
E6XDAT,ABC123,Elizabeth,Dagah,economy,35.5,11.7,19.5,18.8,False
OOCQET,GHI012,Favour,Ikedi,economy,11.7,23.3,18.2,12.4,False
EIMDUM,XYZ456,Jacobs,Joshua,economy,13.9,14.8,10.7,12.0,False
I42ZQ9,ABC123,Wilson,Cosomos,business,29.3,27.6,19.4,18.7,True
ZTEP12,GHI012,Elizabeth,Ekong,economy,40.0,11.1,11.8,13.3,False
J1UNLD,ABC123,Abdulmalik,Joshua,economy,16.6,23.3,10.2,12.0,False
721KJ9,GHI012,Elizabeth,Doe,business,14.2,17.5,19.3,16.2,True
T3IZKW,XYZ456,Jacobs,King,economy,14.8,29.3,10.5,17.1,True
B04SLD,XYZ456,Sandra,Queen,business,34.7,21.1,15.4,19.9,True
KAA61P,XYZ456,Warinton,King,business,32.1,15.1,14.6,16.6,False
PNDVI4,DEF789,Etoro,Joshua,business,18.6,23.7,13.6,12.1,True
QUSDLI,GHI012,Elizabeth,Doe,economy,23.9,23.5,11.0,12.0,False
ZX2KJL,GHI012,Warinton,Doe,business,38.5,24.1,13.5,17.7,False
IMZ9OM,DEF789,Etoro,Ibrahim,economy,39.6,23.9,11.9,18.1,True
95SPDZ,ABC123,Etoro,King,business,28.2,27.4,18.0,17.8,False
KBWKDD,XYZ456,John,Ikedi,business,38.2,12.7,17.4,12.3,True
RYI1BU,ABC123,Wilson,Dagah,business,28.9,26.0,13.4,19.8,True
9CQ320,DEF789,James,Ekong,business,22.1,26.3,10.3,10.7,True
K8AORB,DEF789,Elizabeth,Dagah,economy,34.2,12.4,19.0,16.6,True
J30DW9,XYZ456,Dal,Ekong,economy,12.7,17.1,12.9,13.3,True
UP3YFU,ABC123,Sandra,Joshua,economy,24.9,20.8,13.5,13.8,True
X3WQI4,GHI012,Jacobs,Joshua,economy,33.6,22.1,16.9,17.8,False
QP04F7,XYZ456,Favour,Cosomos,economy,31.4,16.9,11.2,13.0,False
ZTVWDK,XYZ456,Dal,Ekong,business,27.2,25.0,13.2,10.8,True
SNICJ1,GHI012,Elizabeth,Ikedi,economy,39.6,22.9,12.4,15.6,False
ARXN07,XYZ456,Elizabeth,Cosomos,business,37.1,29.1,13.0,18.7,False
LUO3NJ,ABC123,Jacobs,Ibrahim,business,17.6,26.0,12.8,19.2,True
69YKBX,ABC123,Warinton,Queen,business,12.9,10.5,10.9,18.9,False
W6RCRU,XYZ456,John,Queen,economy,38.2,25.9,18.4,14.8,True
PUEUPT,GHI012,Sandra,Ibrahim,business,29.0,15.6,17.9,12.8,True
T4UY6S,XYZ456,Favour,Queen,economy,38.6,11.7,19.7,17.1,False
NBFUQ9,GHI012,Elizabeth,Doe,business,37.9,14.2,13.1,17.9,False
YRARZB,GHI012,John,Ibrahim,economy,28.2,17.9,10.4,10.4,True
NKJJ5G,GHI012,Jacobs,Joshua,economy,38.7,22.3,13.4,10.9,True
ESHUJC,XYZ456,Favour,Doe,business,28.2,14.9,15.9,14.5,False
SJKI4R,ABC123,John,Joshua,business,32.5,15.3,13.1,12.7,False
9FO2ZZ,GHI012,Wilson,Ibrahim,business,18.0,14.8,11.1,15.4,False
2CDMPH,XYZ456,Wilson,Joshua,economy,12.9,16.2,10.1,18.6,False
WRR5JS,ABC123,Abdulmalik,Harley,economy,33.0,23.8,14.2,14.9,False
4M2S9D,ABC123,Jacobs,King,business,34.6,14.9,15.8,13.1,False
HV2U7V,XYZ456,Dal,Ekong,business,30.5,16.6,18.0,11.1,True
MYZVX2,ABC123,James,Ibrahim,business,32.1,22.9,19.5,13.5,False
HELITM,DEF789,Wilson,Queen,economy,20.3,11.2,13.9,17.6,False
VUIEF5,DEF789,Elizabeth,Ibrahim,business,17.1,22.8,16.8,11.1,True
O3XNWI,GHI012,Dal,Queen,business,26.7,16.2,19.7,17.3,True
XMF48Z,XYZ456,Abdulmalik,Queen,business,32.0,14.2,14.1,12.1,True
BDL7N5,DEF789,Dal,King,business,16.4,18.5,10.7,17.8,False
MGFGU1,ABC123,Etoro,Queen,economy,21.3,22.5,15.2,13.0,True
R2G0GT,GHI012,John,Queen,economy,19.8,16.6,18.6,14.6,True
DLZS53,DEF789,Abdulmalik,Doe,business,31.6,20.1,19.6,12.1,True
THLQXM,DEF789,James,Doe,business,13.5,21.5,14.1,15.5,False
OX057N,GHI012,Dal,Arthur,business,35.4,14.3,11.3,17.3,True
YZALYK,GHI012,Favour,King,economy,23.8,11.5,14.2,14.7,False
KQ8R43,DEF789,Etoro,Ekong,business,39.4,15.7,17.0,12.1,True
XPLFMG,DEF789,Sandra,Queen,economy,10.4,21.4,15.8,14.5,True
QETV7C,GHI012,Jacobs,Ibrahim,business,39.6,25.9,15.3,18.9,True
YQMNAP,ABC123,John,Ikedi,economy,29.8,17.3,19.4,14.2,True
VAE717,GHI012,John,Queen,economy,25.8,23.8,13.3,17.1,False
UGJDKO,ABC123,Etoro,Doe,business,20.8,14.5,14.4,12.3,True
OW7YLP,GHI012,John,Joshua,business,21.1,14.2,19.2,14.4,True
TJ2BGB,XYZ456,Abdulmalik,King,economy,10.3,14.5,18.9,13.8,True
KLI7RD,DEF789,Dal,Cosomos,business,37.6,19.6,19.8,18.3,True
M2QGPQ,GHI012,Warinton,Doe,economy,29.8,28.3,15.7,14.3,True
E9MOFW,GHI012,John,Cosomos,business,39.5,23.7,12.1,14.8,True
1ON9RB,ABC123,Sandra,King,economy,23.8,20.5,17.0,17.6,True
COSFZ2,DEF789,Jacobs,King,economy,18.1,22.9,10.6,15.8,False
7O6N0P,DEF789,John,Cosomos,economy,22.9,24.7,18.3,14.6,False
DU7AAH,ABC123,Dal,King,economy,36.6,10.9,11.4,16.5,False
Z5TC9N,XYZ456,Elizabeth,Ibrahim,economy,22.3,20.8,14.1,17.3,True
XTNQ28,DEF789,James,Ekong,business,17.6,10.8,19.7,14.4,True
ZXEC9P,XYZ456,Etoro,Doe,business,22.3,16.7,19.0,16.2,True
AVB0B4,ABC123,Elizabeth,Ekong,business,34.9,19.3,11.2,19.5,False
YP9I5C,GHI012,John,Joshua,business,17.7,10.1,14.6,14.9,False
MFCWBQ,ABC123,Etoro,Ikedi,business,30.7,17.6,18.6,14.5,False
6F876Z,DEF789,Warinton,Ikedi,business,11.0,13.4,11.7,17.2,True
QICEG4,DEF789,Dal,Dagah,business,16.2,21.3,18.5,10.5,False
G0YM59,ABC123,Wilson,Arthur,business,37.5,13.9,12.1,16.6,True
WEZ3T0,GHI012,Abdulmalik,Ikedi,business,31.9,22.0,15.1,17.9,False
Q4PXG0,XYZ456,James,Queen,business,30.4,12.0,16.3,17.7,False
EZOUUG,XYZ456,John,Harley,business,12.0,28.0,15.0,19.0,True
HWK352,GHI012,John,Doe,business,32.9,22.3,10.3,13.0,True
P5V8I9,DEF789,John,Ekong,economy,25.3,27.8,18.0,11.1,True
PAX8ZO,XYZ456,Elizabeth,Ibrahim,business,13.6,25.8,13.5,11.6,False
89ZWZ4,ABC123,Wilson,Dagah,business,18.9,11.5,10.2,12.3,False
YUT9EO,XYZ456,Wilson,Arthur,economy,23.4,12.6,12.5,14.1,True
RYOIUR,ABC123,Favour,Ekong,business,34.5,22.3,16.3,15.0,False
01C5QT,GHI012,Jacobs,Cosomos,business,18.8,25.9,11.7,17.2,False
4GURH9,ABC123,John,King,business,21.4,18.6,16.1,15.1,False
Y4LPMB,ABC123,Dal,Cosomos,business,20.1,25.8,13.9,19.6,True
5X0ALG,XYZ456,Jacobs,King,economy,12.8,23.3,18.1,16.2,True
14WU0O,XYZ456,Warinton,Arthur,business,11.2,14.3,19.0,16.7,False
M0GUDU,ABC123,Etoro,Queen,economy,32.6,21.7,11.5,14.2,True
8B8HQ2,ABC123,John,Doe,economy,31.2,17.8,15.8,18.8,True
6H5Z3X,GHI012,Wilson,Ibrahim,economy,25.9,15.2,17.4,12.1,False
J5R5L8,ABC123,Dal,Ibrahim,economy,34.9,19.8,11.1,19.8,True
YMOUJM,GHI012,Abdulmalik,Doe,business,26.6,14.1,11.8,13.1,False
TMWWF1,XYZ456,Abdulmalik,Dagah,business,36.4,15.9,10.3,11.1,False
WDSUAC,DEF789,Etoro,Ekong,business,23.5,27.6,18.2,14.0,True
6O3DF6,XYZ456,Sandra,Ekong,business,37.8,19.5,10.4,18.9,False
YEN1A1,ABC123,Abdulmalik,Cosomos,economy,14.0,26.7,13.2,10.6,False
TLRY7V,XYZ456,Jacobs,Dagah,economy,34.1,14.1,11.7,13.5,True
R5WM2O,XYZ456,Wilson,Queen,economy,34.1,26.8,16.4,12.7,True
JKKJTI,ABC123,Etoro,Queen,economy,14.5,19.8,17.9,12.2,False
APUPPA,XYZ456,Favour,Harley,economy,22.3,11.2,11.8,18.9,False
LIQS7B,GHI012,Elizabeth,Arthur,business,35.7,12.8,14.8,15.6,True
A4DR73,ABC123,John,Doe,economy,38.8,23.1,10.8,10.9,False
69Q4A0,GHI012,Sandra,Harley,economy,15.4,23.7,17.2,14.2,False
J4DEN1,DEF789,John,Arthur,economy,22.0,28.4,12.4,13.3,True
LJ6Q7P,DEF789,Wilson,Ekong,economy,25.5,22.4,18.6,16.4,False
MJEXEP,DEF789,Dal,King,business,29.3,19.3,18.2,13.0,True
Y7K03V,GHI012,Dal,Harley,business,35.8,17.0,19.6,16.2,True
0EWM3C,XYZ456,Jacobs,Ibrahim,business,22.3,12.0,12.6,17.3,True
I74ASD,DEF789,Dal,Ibrahim,economy,18.1,22.0,19.1,16.3,False
CPM8XK,ABC123,John,Queen,business,20.5,15.8,18.5,10.3,True
O0AZ73,ABC123,Abdulmalik,Ikedi,economy,32.5,20.7,16.9,14.6,True
FX2FI0,GHI012,Jacobs,Joshua,business,36.5,25.8,15.8,16.9,True
45W2UE,ABC123,James,Joshua,economy,19.5,27.8,18.9,19.8,True
VA9XH2,ABC123,Warinton,Ikedi,economy,33.0,23.1,13.7,15.7,False
7S9CPT,DEF789,James,Ibrahim,business,16.5,24.0,12.8,10.7,True
6D2AQB,DEF789,Jacobs,King,business,35.7,15.7,18.9,17.7,True
A61DTD,XYZ456,Warinton,Harley,business,24.8,25.7,17.6,12.5,True
X61T6E,ABC123,Dal,Ikedi,economy,30.9,13.7,16.2,16.1,True
NNL6UM,DEF789,Favour,Arthur,business,12.3,28.4,18.4,15.3,True
FF3Q29,GHI012,Jacobs,King,business,29.6,10.1,10.9,18.7,False
5NX4V1,GHI012,James,Ikedi,economy,35.4,26.1,17.5,18.0,True
6VFINI,XYZ456,John,Doe,economy,19.7,21.5,10.1,17.4,False
87QEQI,GHI012,Elizabeth,Harley,economy,26.5,11.3,15.1,14.8,True
93OAVX,GHI012,John,Harley,economy,20.0,26.3,17.8,11.8,True
JYZIEZ,DEF789,James,Dagah,business,37.0,12.6,13.4,14.3,False
BAE69T,GHI012,Wilson,Queen,business,27.6,18.6,14.0,19.4,False
T7Z5SZ,ABC123,Elizabeth,Joshua,business,23.3,12.1,19.2,10.1,False
F5KUPW,ABC123,Elizabeth,Ekong,economy,15.8,19.6,14.4,14.4,False
8A8717,XYZ456,Jacobs,Cosomos,business,22.7,11.4,19.1,12.1,False
NC0ONQ,GHI012,Favour,Harley,business,35.1,23.2,17.9,10.3,True
KW3PWO,XYZ456,Favour,Ekong,business,33.7,23.9,14.0,12.5,True
FKSTXQ,XYZ456,John,Harley,business,27.4,13.8,16.1,17.2,True
DTTYP2,GHI012,Wilson,Joshua,economy,38.4,29.3,13.7,17.6,False
4TFIUF,XYZ456,Elizabeth,Joshua,business,33.9,10.1,13.2,15.9,False
WSP301,DEF789,Sandra,Ekong,business,11.6,23.5,12.2,10.0,True
UOI09U,DEF789,James,Doe,business,23.7,29.7,19.2,17.4,False
DGSN8R,GHI012,Elizabeth,Dagah,economy,20.1,11.0,13.4,12.7,True
613MZ1,ABC123,Etoro,Queen,business,17.8,15.7,19.4,16.6,True
GFQJIF,XYZ456,Etoro,Ikedi,business,29.2,13.9,13.9,13.5,False
NDACS6,GHI012,Abdulmalik,Dagah,business,23.8,16.3,15.9,14.5,True
7PTM03,DEF789,Jacobs,King,economy,32.6,28.7,15.0,12.9,False
VRCW0K,DEF789,Etoro,Harley,business,21.0,27.5,17.6,17.2,True
36WXCB,XYZ456,James,Ibrahim,economy,21.1,21.3,13.2,12.8,True
0UP7XV,XYZ456,Elizabeth,Ekong,economy,18.4,22.7,15.8,15.0,True
RN0R98,DEF789,James,Ikedi,economy,11.3,20.2,10.5,16.1,False
N6O095,DEF789,Jacobs,Ibrahim,business,23.9,27.9,19.9,14.0,False
GY2FX1,XYZ456,James,Arthur,economy,33.1,19.3,17.4,13.8,False
8H1F4K,GHI012,Favour,Arthur,economy,24.8,12.4,12.8,15.4,True
AI8UHB,GHI012,Wilson,Doe,business,12.4,29.7,19.9,16.5,False
G0W9WB,DEF789,Abdulmalik,Ekong,business,37.1,29.3,11.3,19.3,True
SH7X2Y,XYZ456,Sandra,Arthur,business,36.6,17.0,13.9,14.4,False
U1X41S,DEF789,Wilson,Arthur,economy,38.7,14.0,12.8,10.4,False
2W7UM4,DEF789,Sandra,Arthur,economy,35.7,16.7,18.9,11.4,False
JN47MD,DEF789,Warinton,Ekong,business,35.3,15.9,12.9,19.8,False
51TVIJ,DEF789,Warinton,Dagah,business,32.1,23.2,12.9,19.0,False
GHDD1W,XYZ456,Wilson,Arthur,economy,23.6,18.4,15.4,14.9,False
B5ERIT,XYZ456,Jacobs,Arthur,business,14.3,29.3,18.7,17.7,True
72RGZF,XYZ456,Jacobs,Arthur,business,34.5,22.5,14.3,11.0,False
C31152,DEF789,Wilson,Ibrahim,business,24.1,10.9,12.2,15.6,True
48T0JF,GHI012,John,Ikedi,economy,13.1,27.1,17.1,17.7,True
6P1H31,DEF789,Etoro,Ekong,business,35.0,22.8,17.5,19.3,False
DT17ZZ,ABC123,Jacobs,Harley,business,22.7,10.4,18.4,14.0,False
ODYE2B,GHI012,Abdulmalik,Ekong,business,23.8,24.8,17.8,18.9,False
TFIC2N,GHI012,Dal,Doe,business,32.8,26.7,13.7,15.5,False
JFODOI,GHI012,Elizabeth,King,economy,25.0,10.8,19.2,15.8,True
5OE4I7,DEF789,Elizabeth,King,business,18.7,26.1,14.2,15.5,True
G87KQW,GHI012,Elizabeth,King,economy,29.8,25.9,13.1,16.8,True
ZPGQG1,XYZ456,James,Arthur,economy,14.9,25.5,14.7,18.6,True
21F3GT,ABC123,James,Harley,economy,12.6,19.7,16.9,14.4,True
29MAJ5,ABC123,Sandra,Harley,economy,24.0,11.2,16.1,15.9,False
MERP3O,GHI012,Dal,Doe,business,32.3,10.5,18.3,18.2,True
XN4VU7,XYZ456,James,King,economy,34.2,26.8,15.3,12.3,False
QKPTFC,GHI012,John,Ikedi,economy,28.4,16.8,10.5,19.9,True
LG7HW9,DEF789,Wilson,King,business,28.4,22.8,11.6,13.1,False
X6ZL5Q,XYZ456,Sandra,Doe,economy,17.2,28.6,15.8,13.1,False
WI333F,XYZ456,Abdulmalik,Dagah,business,18.9,24.0,19.5,16.5,False
BHKRJ6,GHI012,Dal,Joshua,business,30.5,25.0,14.3,17.5,True
4JAQH3,ABC123,Wilson,King,economy,12.4,12.4,18.8,12.7,True
H6WXUH,GHI012,Etoro,Ibrahim,business,20.9,27.7,11.0,19.6,False
11PXA1,GHI012,James,Ekong,economy,22.8,20.4,14.1,13.4,True
N45GHU,GHI012,James,Queen,economy,35.4,20.5,12.7,15.2,False
KV7V6X,GHI012,Jacobs,Doe,business,25.6,29.4,10.5,18.6,False
G7H45P,DEF789,James,Harley,business,26.4,20.4,10.7,14.5,False
D0N8CL,ABC123,Jacobs,Cosomos,business,30.3,14.9,12.9,15.4,False
ZVA3GV,DEF789,Elizabeth,King,economy,28.6,15.8,18.0,18.1,False
MZGJWI,ABC123,Jacobs,Doe,business,38.5,25.8,10.4,15.9,True
JZ9VMW,DEF789,Dal,Cosomos,business,12.5,29.8,15.6,11.0,True
Q5HDFR,DEF789,John,Doe,economy,38.3,28.2,15.0,14.3,True
YJHM0B,GHI012,Warinton,Arthur,economy,39.5,12.6,17.0,19.6,True
1Z5YWI,GHI012,Dal,Joshua,business,12.2,12.4,11.1,16.4,False
VA7V20,DEF789,Elizabeth,Dagah,economy,12.4,27.1,15.6,19.1,False
BSY2RS,ABC123,Elizabeth,Joshua,economy,11.7,18.4,16.8,19.8,False
5MX34C,ABC123,Sandra,Dagah,business,33.1,21.6,19.7,13.5,False
BNKR4S,XYZ456,Etoro,Ekong,economy,33.0,17.6,16.3,18.1,False
756HCU,GHI012,Dal,Joshua,economy,26.1,28.1,12.9,11.5,True
YLKX87,ABC123,Abdulmalik,Joshua,economy,14.4,28.3,19.7,11.6,True
6AYJOG,GHI012,Abdulmalik,Ikedi,business,14.6,16.5,19.7,19.7,True
B82LKC,DEF789,John,King,economy,26.5,24.8,17.2,14.2,False
UUERZA,GHI012,Warinton,Arthur,business,27.9,24.6,17.8,11.9,False
BVCRFG,XYZ456,Warinton,Queen,economy,33.4,23.2,16.0,12.3,True
GZEIKV,GHI012,Wilson,Harley,economy,34.6,17.4,15.3,12.6,True
4WQOH0,GHI012,Sandra,Joshua,business,21.1,16.3,17.3,11.6,True
6D69W8,DEF789,Sandra,Arthur,economy,17.2,10.3,20.0,18.5,True
YAE852,XYZ456,Etoro,Ikedi,business,23.8,27.1,13.0,16.1,False
EVQYM5,GHI012,Jacobs,Queen,business,19.7,18.1,13.5,14.7,True
WSCYF6,GHI012,Wilson,King,business,17.4,20.3,20.0,14.8,True
0IGZ0S,ABC123,Favour,Joshua,business,27.5,11.8,16.4,18.9,False
8FN8GV,DEF789,John,Dagah,business,19.6,10.8,18.6,17.6,True
SL9HYR,GHI012,James,Doe,economy,22.1,22.5,18.2,12.2,False
JOMSV1,GHI012,Jacobs,Ikedi,economy,15.8,13.4,16.5,16.5,True
PJOL8K,DEF789,Warinton,Harley,business,11.9,14.3,13.6,17.8,True
82WX1K,XYZ456,Elizabeth,Doe,business,15.3,14.6,13.2,12.6,True
LN2VD1,DEF789,Favour,Harley,economy,16.1,15.1,14.0,14.5,True
TLLREH,DEF789,Warinton,Harley,economy,16.0,28.7,18.4,19.1,False
40IIMX,GHI012,Elizabeth,Queen,business,22.2,27.2,19.7,15.7,True
BVA6W9,XYZ456,Dal,Arthur,business,29.2,11.9,17.5,12.8,False
DPZ5JZ,DEF789,Etoro,Ibrahim,economy,31.5,28.9,18.3,11.6,True
NB98QE,ABC123,John,Ekong,business,39.8,27.3,14.2,16.2,False
J9PT2G,GHI012,James,Ekong,economy,31.7,17.6,13.4,19.5,False
MK24BS,GHI012,Favour,Harley,economy,25.3,10.5,17.8,12.4,False
U8YAQL,XYZ456,John,Cosomos,economy,10.1,24.9,14.8,16.4,False
MI0CO8,GHI012,Warinton,Ekong,economy,10.0,24.5,10.4,15.5,True
OAEJBQ,ABC123,Dal,King,economy,38.7,16.2,15.0,19.0,False
DJVJ6U,DEF789,Warinton,Joshua,economy,32.9,22.0,12.5,11.7,False
QYOJRP,GHI012,Favour,Ibrahim,business,13.8,22.9,15.9,10.9,True
NJ541J,DEF789,Elizabeth,Ikedi,business,36.0,12.8,17.1,10.7,False
VT5MRC,GHI012,Abdulmalik,King,business,20.3,20.9,19.4,14.0,True
49DIHQ,ABC123,Elizabeth,Queen,business,16.4,25.4,15.9,11.4,False
FUFA01,GHI012,Etoro,Joshua,economy,16.7,29.9,16.9,18.4,True
KT7A76,XYZ456,Dal,King,economy,29.0,29.6,19.9,18.1,False
EDHAN7,XYZ456,Dal,Ibrahim,economy,21.2,15.6,18.3,19.3,True
17YJSO,ABC123,James,Cosomos,business,14.3,14.5,14.9,16.0,False
DOAA13,GHI012,Dal,Doe,economy,39.7,24.8,11.1,17.7,True
MJ1373,DEF789,Wilson,Joshua,business,13.4,28.4,13.0,17.0,False
KT4RZU,GHI012,Elizabeth,Arthur,business,28.3,23.3,15.8,19.1,False
Y6O2W0,ABC123,Elizabeth,Harley,business,39.7,18.7,13.7,15.0,False
5NI75P,GHI012,James,Joshua,business,20.3,24.4,16.4,13.6,False
DZN3O4,ABC123,Favour,Doe,economy,10.1,27.3,16.8,15.3,False
TN3ZED,XYZ456,John,Arthur,business,29.7,14.3,16.2,15.0,True
5AWIP2,ABC123,Favour,Doe,business,27.9,13.4,11.9,15.2,True
14V75O,XYZ456,James,Dagah,economy,24.7,26.9,19.5,16.4,True
YYZOXR,XYZ456,Abdulmalik,Ekong,business,25.5,17.7,11.6,11.1,True
8FJV9Q,GHI012,Dal,Joshua,economy,27.7,19.5,12.4,15.4,False
1HJVVX,ABC123,James,Ekong,economy,20.4,29.6,15.4,18.7,True
E4B3MW,ABC123,Warinton,Queen,business,25.3,15.4,17.0,18.7,True
QU4GRJ,DEF789,Jacobs,Queen,economy,27.9,13.7,16.7,17.3,False
W684D6,GHI012,Wilson,Ekong,business,14.2,18.9,12.7,14.7,True
SABZM8,DEF789,Abdulmalik,Doe,economy,15.5,20.6,17.4,10.7,True
2IPWGI,GHI012,Warinton,Harley,business,24.4,10.8,17.9,15.8,True
YHTG95,XYZ456,Etoro,Queen,business,32.5,26.9,14.8,15.6,True
WYQ1W1,GHI012,Etoro,Doe,business,25.9,14.3,11.0,12.3,False
JTE6CL,GHI012,Jacobs,Harley,business,38.5,29.4,16.6,18.9,False
8Y2P9N,XYZ456,Wilson,Ekong,business,11.3,25.4,19.1,18.8,False
9BL1Z9,GHI012,James,Arthur,business,12.6,16.9,10.5,19.2,False
OHXU1H,DEF789,Elizabeth,Ibrahim,business,13.2,18.4,11.5,16.9,True
3CNAOX,GHI012,Etoro,Joshua,economy,37.1,20.3,16.4,16.8,False
IA4CI6,GHI012,Etoro,Queen,business,10.1,22.1,13.2,10.6,True
RLO6JJ,XYZ456,Jacobs,King,economy,35.4,22.7,17.9,19.5,False
BGSMUE,ABC123,Sandra,Dagah,economy,38.5,10.3,12.7,10.1,True
C5GAJZ,DEF789,James,Cosomos,business,13.3,26.1,13.8,16.9,False
01J3SV,DEF789,Etoro,Doe,business,36.5,22.2,15.7,19.8,True
XFXFOC,GHI012,John,Ibrahim,economy,11.5,14.4,10.3,12.0,False
TPEMRD,DEF789,Elizabeth,Dagah,business,29.8,14.9,16.8,12.7,False
C9MWXP,ABC123,Etoro,Ibrahim,business,11.2,14.2,17.4,16.6,True
BUU5W7,GHI012,Sandra,Ekong,economy,21.8,21.8,19.9,14.0,True
YDPHQZ,ABC123,Etoro,Arthur,business,24.7,14.2,15.1,13.5,True
XZPMZF,GHI012,Dal,Ibrahim,business,21.0,29.9,19.7,17.2,True
18OY82,DEF789,Wilson,Doe,business,31.2,22.7,15.5,10.6,True
5PQQG1,ABC123,Jacobs,Harley,economy,18.7,21.8,11.6,19.6,False
7STYCT,GHI012,John,Doe,economy,33.1,10.2,16.8,14.8,True
R5JL4L,ABC123,Wilson,Ikedi,economy,39.4,16.7,17.8,15.8,True
TM9ICB,DEF789,Sandra,Ekong,economy,27.0,11.4,16.6,18.6,True
70C2XR,GHI012,Dal,Joshua,business,28.8,23.8,13.6,14.6,False
69WY85,GHI012,John,Ekong,business,20.2,19.1,13.2,19.3,False
YDUXF4,ABC123,Sandra,Harley,business,18.2,26.4,15.4,15.7,True
9ZPSQP,ABC123,Favour,Joshua,business,19.5,24.8,13.4,13.6,False
MD140T,XYZ456,James,Ibrahim,economy,39.7,28.7,18.5,11.0,True
LTOQ9L,DEF789,John,Doe,economy,36.2,22.0,12.5,14.2,True
93AIRX,DEF789,Dal,Doe,business,37.3,27.4,19.5,14.9,False
BS1D9Q,DEF789,Sandra,Ekong,economy,36.4,14.3,18.0,12.4,False
KPVEWM,GHI012,Sandra,Cosomos,economy,24.2,12.9,16.0,11.1,False
6KIX7K,ABC123,James,Queen,business,30.6,29.5,19.5,18.6,False
P3BHOK,ABC123,Elizabeth,Harley,economy,14.4,19.9,13.7,16.1,False